{
    "device_used": "npu:0",
    "use_fp16": false,
    "precision": "FP32",
    "total_images": 3923,
    "correct_predictions": 3321,
    "accuracy": 84.65460107060923,
    "total_inference_time": 69.148353099823,
    "warmup_batch_count": 5,
    "warmup_time": 14.91166090965271,
    "formal_inference_time": 53.56330585479736,
    "formal_batch_count": 57,
    "formal_images_processed": 3603,
    "throughput_images_per_sec": 67.26619917312851,
    "avg_batch_time": 0.9395026867849785,
    "avg_batch_size": 63.21052631578947,
    "batch_count": 5,
    "inference_latency_stats": {
        "p95": 0.009988164901733399,
        "p99": 0.020656671524047848,
        "mean": 0.005263688271505791,
        "min": 0.0035533905029296875,
        "max": 0.021396875381469727
    },
    "e2e_latency_stats": {
        "p95": 0.9528417587280273,
        "p99": 0.9538773345947266,
        "mean": 0.9395026867849785,
        "min": 0.2714040279388428,
        "max": 0.9546728134155273
    },
    "e2e_latencies": [
        0.9528343677520752,
        0.9506411552429199,
        0.9501991271972656,
        0.9523148536682129,
        0.9502120018005371,
        0.9520576000213623,
        0.9528713226318359,
        0.9508039951324463,
        0.9503772258758545,
        0.9504530429840088,
        0.9500734806060791,
        0.9521081447601318,
        0.9503269195556641,
        0.9521400928497314,
        0.9522840976715088,
        0.9514811038970947,
        0.9504895210266113,
        0.9516065120697021,
        0.9513003826141357,
        0.9516351222991943,
        0.9511737823486328,
        0.9512021541595459,
        0.9516606330871582,
        0.950474739074707,
        0.9512138366699219,
        0.9515938758850098,
        0.9516992568969727,
        0.9506213665008545,
        0.9519033432006836,
        0.950969934463501,
        0.9532523155212402,
        0.9515960216522217,
        0.9516160488128662,
        0.9512948989868164,
        0.9519915580749512,
        0.9509902000427246,
        0.9509587287902832,
        0.9520423412322998,
        0.9516706466674805,
        0.9517807960510254,
        0.9546728134155273,
        0.9517488479614258,
        0.9501914978027344,
        0.9511411190032959,
        0.9509618282318115,
        0.9512534141540527,
        0.9515728950500488,
        0.951650857925415,
        0.951061487197876,
        0.9509773254394531,
        0.9509322643280029,
        0.9513671398162842,
        0.9513144493103027,
        0.951566219329834,
        0.9523439407348633,
        0.9515764713287354,
        0.2714040279388428
    ],
    "inference_latencies": [
        0.020075082778930664,
        0.0062215328216552734,
        0.006735563278198242,
        0.021396875381469727,
        0.007102251052856445,
        0.007935523986816406,
        0.007108211517333984,
        0.005995512008666992,
        0.004075527191162109,
        0.003988504409790039,
        0.0042133331298828125,
        0.0045070648193359375,
        0.0040149688720703125,
        0.004499197006225586,
        0.003957271575927734,
        0.003821849822998047,
        0.00410771369934082,
        0.003719329833984375,
        0.004282951354980469,
        0.003979206085205078,
        0.00441288948059082,
        0.003771543502807617,
        0.004185676574707031,
        0.003791332244873047,
        0.003806591033935547,
        0.004023551940917969,
        0.004065752029418945,
        0.004108905792236328,
        0.004289150238037109,
        0.004111766815185547,
        0.004969120025634766,
        0.004477024078369141,
        0.0038080215454101562,
        0.0037512779235839844,
        0.009412288665771484,
        0.004040956497192383,
        0.003976106643676758,
        0.004024028778076172,
        0.003993511199951172,
        0.005616426467895508,
        0.009978294372558594,
        0.0037834644317626953,
        0.003840923309326172,
        0.0038671493530273438,
        0.0038454532623291016,
        0.00402379035949707,
        0.0035533905029296875,
        0.003799915313720703,
        0.003951072692871094,
        0.003897428512573242,
        0.004023313522338867,
        0.003914356231689453,
        0.003588438034057617,
        0.004584312438964844,
        0.004950046539306641,
        0.004027843475341797,
        0.010027647018432617
    ]
}