{
    "device_used": "npu:0",
    "use_fp16": false,
    "precision": "FP32",
    "total_images": 3923,
    "correct_predictions": 2993,
    "accuracy": 76.2936528167219,
    "total_inference_time": 23.55645728111267,
    "warmup_batch_count": 5,
    "warmup_time": 9.955261707305908,
    "formal_inference_time": 13.089902877807617,
    "formal_batch_count": 57,
    "formal_images_processed": 3603,
    "throughput_images_per_sec": 275.25032337011913,
    "avg_batch_time": 0.22944941437035277,
    "avg_batch_size": 63.21052631578947,
    "batch_count": 5,
    "inference_latency_stats": {
        "p95": 0.002038335800170896,
        "p99": 0.0035630226135253866,
        "mean": 0.00107742192452414,
        "min": 0.0007863044738769531,
        "max": 0.004569053649902344
    },
    "e2e_latency_stats": {
        "p95": 0.23084864616394044,
        "p99": 0.29625799179077117,
        "mean": 0.22944941437035277,
        "min": 0.06746029853820801,
        "max": 0.37813663482666016
    },
    "e2e_latencies": [
        0.37813663482666016,
        0.23192477226257324,
        0.22928524017333984,
        0.23080658912658691,
        0.22881102561950684,
        0.2301485538482666,
        0.230621337890625,
        0.22866582870483398,
        0.22906732559204102,
        0.2304701805114746,
        0.22873544692993164,
        0.23004460334777832,
        0.22863054275512695,
        0.22864747047424316,
        0.22855329513549805,
        0.2294621467590332,
        0.22939610481262207,
        0.22819900512695312,
        0.22937369346618652,
        0.22963237762451172,
        0.23037505149841309,
        0.22974252700805664,
        0.22986650466918945,
        0.23017477989196777,
        0.22991561889648438,
        0.22925639152526855,
        0.2294449806213379,
        0.2293412685394287,
        0.22993254661560059,
        0.23077034950256348,
        0.23096919059753418,
        0.22962641716003418,
        0.23024892807006836,
        0.22922968864440918,
        0.23006272315979004,
        0.22979259490966797,
        0.2299792766571045,
        0.22989892959594727,
        0.2299785614013672,
        0.22922658920288086,
        0.2297196388244629,
        0.2294609546661377,
        0.22835302352905273,
        0.22944188117980957,
        0.22893857955932617,
        0.22944140434265137,
        0.23043036460876465,
        0.2291884422302246,
        0.22980761528015137,
        0.22887015342712402,
        0.230818510055542,
        0.2304093837738037,
        0.22975516319274902,
        0.2294294834136963,
        0.22995638847351074,
        0.23069024085998535,
        0.06746029853820801
    ],
    "inference_latencies": [
        0.004569053649902344,
        0.002485990524291992,
        0.0009405612945556641,
        0.0009477138519287109,
        0.0012471675872802734,
        0.000873565673828125,
        0.0009083747863769531,
        0.0009107589721679688,
        0.000904083251953125,
        0.0008842945098876953,
        0.0009307861328125,
        0.0008728504180908203,
        0.0009171962738037109,
        0.0009367465972900391,
        0.0009891986846923828,
        0.0018312931060791016,
        0.00093841552734375,
        0.0008909702301025391,
        0.0010063648223876953,
        0.0009315013885498047,
        0.001926422119140625,
        0.0009453296661376953,
        0.0009703636169433594,
        0.001005411148071289,
        0.0009219646453857422,
        0.0008807182312011719,
        0.0008754730224609375,
        0.0008666515350341797,
        0.0009267330169677734,
        0.0008625984191894531,
        0.0017943382263183594,
        0.0008666515350341797,
        0.0008852481842041016,
        0.0008749961853027344,
        0.0009002685546875,
        0.0009565353393554688,
        0.000896453857421875,
        0.0009055137634277344,
        0.00090789794921875,
        0.0009007453918457031,
        0.0008883476257324219,
        0.0008802413940429688,
        0.0008094310760498047,
        0.0008635520935058594,
        0.0010175704956054688,
        0.0008883476257324219,
        0.0008351802825927734,
        0.0008296966552734375,
        0.0008606910705566406,
        0.0008070468902587891,
        0.0007863044738769531,
        0.0008215904235839844,
        0.0008244514465332031,
        0.0008387565612792969,
        0.0008521080017089844,
        0.0008499622344970703,
        0.0027725696563720703
    ]
}