{
    "model_type": "OM",
    "device_used": "NPU",
    "total_images": 3904,
    "correct_predictions": 2954,
    "accuracy": 75.66598360655738,
    "total_inference_time": 4.458079099655151,
    "batch_count": 61,
    "throughput_images_per_sec": 875.7134884174641,
    "avg_batch_time": 0.051230059295404154,
    "avg_batch_size": 64.0
}