{
    "model_type": "ONNX",
    "device_used": "NPU (CANN)",
    "total_images": 3923,
    "correct_predictions": 2969,
    "accuracy": 75.68187611521795,
    "total_inference_time": 12.898125648498535,
    "warmup_batch_count": 5,
    "warmup_time": 5.597447633743286,
    "formal_inference_time": 6.673801422119141,
    "formal_batch_count": 57,
    "formal_images_processed": 3603,
    "throughput_images_per_sec": 1052.1134870414633,
    "avg_batch_time": 0.060079570402178845,
    "avg_batch_size": 63.21052631578947,
    "batch_count": 5
}