{
    "model_type": "ONNX",
    "device_used": "NPU (CANN)",
    "total_images": 3923,
    "correct_predictions": 2969,
    "accuracy": 75.68187611521795,
    "total_inference_time": 7.529002666473389,
    "warmup_batch_count": 5,
    "warmup_time": 3.397524118423462,
    "formal_inference_time": 3.707348346710205,
    "formal_batch_count": 57,
    "formal_images_processed": 3603,
    "throughput_images_per_sec": 1148.8320858828172,
    "avg_batch_time": 0.05502155370879592,
    "avg_batch_size": 63.21052631578947,
    "batch_count": 5
}