{
    "device_used": "npu:0",
    "use_fp16": false,
    "precision": "FP32",
    "total_images": 3923,
    "correct_predictions": 3205,
    "accuracy": 81.69768034667347,
    "total_inference_time": 45.08525538444519,
    "warmup_batch_count": 5,
    "warmup_time": 11.867884635925293,
    "formal_inference_time": 32.68408465385437,
    "formal_batch_count": 57,
    "formal_images_processed": 3603,
    "throughput_images_per_sec": 110.23713951784497,
    "avg_batch_time": 0.573242890207391,
    "avg_batch_size": 63.21052631578947,
    "batch_count": 5,
    "inference_latency_stats": {
        "p95": 0.003898382186889648,
        "p99": 0.005755929946899408,
        "mean": 0.001953785879570141,
        "min": 0.0012423992156982422,
        "max": 0.007237672805786133
    },
    "e2e_latency_stats": {
        "p95": 0.5807863235473633,
        "p99": 0.6169742679595945,
        "mean": 0.573242890207391,
        "min": 0.15588617324829102,
        "max": 0.6620895862579346
    },
    "e2e_latencies": [
        0.6620895862579346,
        0.5788617134094238,
        0.5793931484222412,
        0.5795578956604004,
        0.5799643993377686,
        0.5778429508209229,
        0.5793395042419434,
        0.5781538486480713,
        0.5788769721984863,
        0.5781152248382568,
        0.5792491436004639,
        0.581526517868042,
        0.5797691345214844,
        0.5781927108764648,
        0.5777103900909424,
        0.5780942440032959,
        0.5792851448059082,
        0.5790307521820068,
        0.5797281265258789,
        0.5798184871673584,
        0.5789437294006348,
        0.5793242454528809,
        0.5808820724487305,
        0.5805761814117432,
        0.579094409942627,
        0.5788648128509521,
        0.5796730518341064,
        0.5801901817321777,
        0.5795087814331055,
        0.5794200897216797,
        0.5784265995025635,
        0.5785605907440186,
        0.5797462463378906,
        0.578895092010498,
        0.5790729522705078,
        0.579491138458252,
        0.5798313617706299,
        0.5791563987731934,
        0.5784478187561035,
        0.5794651508331299,
        0.5792458057403564,
        0.5790631771087646,
        0.5796773433685303,
        0.5786468982696533,
        0.5794203281402588,
        0.5789132118225098,
        0.578988790512085,
        0.5787832736968994,
        0.5787265300750732,
        0.5793743133544922,
        0.5807623863220215,
        0.5793352127075195,
        0.5791900157928467,
        0.5794095993041992,
        0.5782818794250488,
        0.5789690017700195,
        0.15588617324829102
    ],
    "inference_latencies": [
        0.007237672805786133,
        0.001817464828491211,
        0.0016448497772216797,
        0.002209901809692383,
        0.0022430419921875,
        0.0022275447845458984,
        0.004591703414916992,
        0.0016894340515136719,
        0.0016055107116699219,
        0.001596689224243164,
        0.0016148090362548828,
        0.00348663330078125,
        0.0017130374908447266,
        0.001958608627319336,
        0.0014710426330566406,
        0.0018727779388427734,
        0.0027174949645996094,
        0.002397775650024414,
        0.0022826194763183594,
        0.0019488334655761719,
        0.0018906593322753906,
        0.0016853809356689453,
        0.0038847923278808594,
        0.0037832260131835938,
        0.0016438961029052734,
        0.0015137195587158203,
        0.0014481544494628906,
        0.003952741622924805,
        0.0013141632080078125,
        0.0014107227325439453,
        0.0013713836669921875,
        0.001322031021118164,
        0.0014290809631347656,
        0.0028548240661621094,
        0.0013933181762695312,
        0.001447916030883789,
        0.0014491081237792969,
        0.001466512680053711,
        0.0015492439270019531,
        0.0015096664428710938,
        0.0014598369598388672,
        0.0013229846954345703,
        0.001367807388305664,
        0.0012936592102050781,
        0.0014138221740722656,
        0.0012521743774414062,
        0.001256704330444336,
        0.0013463497161865234,
        0.0013325214385986328,
        0.0012423992156982422,
        0.0027942657470703125,
        0.0012722015380859375,
        0.0014986991882324219,
        0.0012488365173339844,
        0.0013189315795898438,
        0.001424551010131836,
        0.0018720626831054688
    ]
}