{
    "model_type": "ONNX",
    "device_used": "NPU (CANN)",
    "total_images": 3923,
    "correct_predictions": 3158,
    "accuracy": 80.49961763956156,
    "total_inference_time": 16.56560730934143,
    "warmup_batch_count": 5,
    "warmup_time": 4.3887529373168945,
    "formal_inference_time": 11.829495668411255,
    "formal_batch_count": 57,
    "formal_images_processed": 3603,
    "throughput_images_per_sec": 310.42960513708243,
    "avg_batch_time": 0.20362273852030435,
    "avg_batch_size": 63.21052631578947,
    "batch_count": 5
}