{
    "model_type": "ONNX",
    "device_used": "NPU (CANN)",
    "total_images": 3923,
    "correct_predictions": 3158,
    "accuracy": 80.49961763956156,
    "total_inference_time": 16.557318210601807,
    "warmup_batch_count": 5,
    "warmup_time": 4.343397378921509,
    "formal_inference_time": 11.879133701324463,
    "formal_batch_count": 57,
    "formal_images_processed": 3603,
    "throughput_images_per_sec": 309.6252032314773,
    "avg_batch_time": 0.20415174751950985,
    "avg_batch_size": 63.21052631578947,
    "batch_count": 5
}