{
    "device_used": "npu:0",
    "use_fp16": false,
    "precision": "FP32",
    "total_images": 3923,
    "correct_predictions": 3,
    "accuracy": 0.07647208768799388,
    "total_inference_time": 51.50795078277588,
    "warmup_batch_count": 5,
    "warmup_time": 20.318299531936646,
    "formal_inference_time": 30.410765409469604,
    "formal_batch_count": 57,
    "formal_images_processed": 3603,
    "throughput_images_per_sec": 118.477780861052,
    "avg_batch_time": 0.5332374196303519,
    "avg_batch_size": 63.21052631578947,
    "batch_count": 5,
    "inference_latency_stats": {
        "p95": 0.005381393432617186,
        "p99": 0.008348560333251943,
        "mean": 0.002503650230273866,
        "min": 0.0016744136810302734,
        "max": 0.010883331298828125
    },
    "e2e_latency_stats": {
        "p95": 0.541957426071167,
        "p99": 0.5434173011779785,
        "mean": 0.5332374196303519,
        "min": 0.17932367324829102,
        "max": 0.5436768531799316
    },
    "e2e_latencies": [
        0.5425584316253662,
        0.5408551692962646,
        0.5385048389434814,
        0.5412201881408691,
        0.5382044315338135,
        0.5382435321807861,
        0.5415530204772949,
        0.5380024909973145,
        0.5386521816253662,
        0.538377046585083,
        0.5381042957305908,
        0.5436768531799316,
        0.538240909576416,
        0.5382115840911865,
        0.5399839878082275,
        0.5392107963562012,
        0.5384483337402344,
        0.5390207767486572,
        0.5394549369812012,
        0.5395638942718506,
        0.5389232635498047,
        0.5392751693725586,
        0.5397534370422363,
        0.5396530628204346,
        0.5395264625549316,
        0.5395021438598633,
        0.5397672653198242,
        0.5397779941558838,
        0.5395867824554443,
        0.5390069484710693,
        0.539705753326416,
        0.5398259162902832,
        0.5397739410400391,
        0.5432133674621582,
        0.5394902229309082,
        0.5398740768432617,
        0.540412425994873,
        0.5400066375732422,
        0.5394721031188965,
        0.5393645763397217,
        0.5394542217254639,
        0.539027214050293,
        0.5387411117553711,
        0.5382754802703857,
        0.539008378982544,
        0.5389149188995361,
        0.5393993854522705,
        0.5392730236053467,
        0.5392253398895264,
        0.5382249355316162,
        0.5401129722595215,
        0.5387418270111084,
        0.5405802726745605,
        0.5389490127563477,
        0.5418071746826172,
        0.5394747257232666,
        0.17932367324829102
    ],
    "inference_latencies": [
        0.010883331298828125,
        0.0025644302368164062,
        0.001855611801147461,
        0.003320932388305664,
        0.002075672149658203,
        0.003999948501586914,
        0.005297183990478516,
        0.0029931068420410156,
        0.002417325973510742,
        0.004242658615112305,
        0.0019249916076660156,
        0.005007743835449219,
        0.0018563270568847656,
        0.0017852783203125,
        0.0019550323486328125,
        0.0020363330841064453,
        0.0019686222076416016,
        0.001978158950805664,
        0.0019261837005615234,
        0.0020689964294433594,
        0.001961946487426758,
        0.0018215179443359375,
        0.0018870830535888672,
        0.0019898414611816406,
        0.0019447803497314453,
        0.001984834671020508,
        0.0019309520721435547,
        0.0019757747650146484,
        0.0017633438110351562,
        0.0019605159759521484,
        0.001920938491821289,
        0.001997709274291992,
        0.0018661022186279297,
        0.004017353057861328,
        0.0018336772918701172,
        0.0020830631256103516,
        0.002008676528930664,
        0.0021109580993652344,
        0.0018703937530517578,
        0.0018188953399658203,
        0.001953601837158203,
        0.0017261505126953125,
        0.0017826557159423828,
        0.0017457008361816406,
        0.001760244369506836,
        0.0017764568328857422,
        0.0018253326416015625,
        0.006356954574584961,
        0.001821279525756836,
        0.001802682876586914,
        0.0018825531005859375,
        0.0017621517181396484,
        0.0021741390228271484,
        0.0016744136810302734,
        0.0021414756774902344,
        0.0018978118896484375,
        0.005718231201171875
    ]
}