{
    "model_type": "ONNX",
    "device_used": "NPU (CANN)",
    "total_images": 3923,
    "correct_predictions": 3204,
    "accuracy": 81.67218965077747,
    "total_inference_time": 15.445563316345215,
    "warmup_batch_count": 5,
    "warmup_time": 0.9295573234558105,
    "formal_inference_time": 8.804667472839355,
    "formal_batch_count": 57,
    "formal_images_processed": 3603,
    "throughput_images_per_sec": 409.2147728593427,
    "avg_batch_time": 0.1534256893291808,
    "avg_batch_size": 63.21052631578947,
    "batch_count": 5
}