{
    "model_type": "ONNX",
    "device_used": "NPU (CANN)",
    "total_images": 3923,
    "correct_predictions": 3179,
    "accuracy": 81.03492225337752,
    "total_inference_time": 14.73823070526123,
    "warmup_batch_count": 5,
    "warmup_time": 4.09942889213562,
    "formal_inference_time": 10.0640549659729,
    "formal_batch_count": 57,
    "formal_images_processed": 3603,
    "throughput_images_per_sec": 377.6574788143535,
    "avg_batch_time": 0.16737528014601322,
    "avg_batch_size": 63.21052631578947,
    "batch_count": 5
}